DE,US,BR,FR,GB
16.293754,10.377488,8.524365,8.085106,6.643789