female,male
0.444568,0.555432